name,url
沈爺炸蛋蔥油餅,https://www.foodpanda.com.tw//en/restaurant/y7ur/chen-ye-zha-dan-cong-you-bing
艋舺雞排 (台北饒河店),https://www.foodpanda.com.tw//en/restaurant/z4ee/meng-jia-ji-pai-tai-bei-rao-he-dian
肯德基KFC炸雞漢堡店 (台北南京東二店),https://www.foodpanda.com.tw//en/restaurant/y4rc/ken-de-ji-kfczha-ji-han-bao-dian-tai-bei-nan-jing-dong-er-dian
COMEBUY (台北永吉店),https://www.foodpanda.com.tw//en/restaurant/f8uv/comebuy-tai-bei-yong-ji-dian
山山酥姬,https://www.foodpanda.com.tw//en/restaurant/ou6r/shan-shan-su-ji
Pizza Hut必勝客 (台北八德店),https://www.foodpanda.com.tw//en/restaurant/y6sf/pizza-hutbi-sheng-ke-tai-bei-ba-de-dian
歐買尬日式海鮮串燒 (台北市民本店),https://www.foodpanda.com.tw//en/restaurant/gezh/ou-mai-ga-ri-shi-hai-xian-chuan-shao-tai-bei-shi-min-ben-dian
胖老爹美式炸雞 (松山五分埔店),https://www.foodpanda.com.tw//en/restaurant/p3tx/pang-lao-die-mei-shi-zha-ji-song-shan-wu-fen-bu-dian
焗烤薯薯,https://www.foodpanda.com.tw//en/restaurant/k4ro/ju-kao-shu-shu
馬場18精緻熱炒,https://www.foodpanda.com.tw//en/restaurant/r8jc/ma-chang-18jing-zhi-re-chao
ping tou lu tou sha ( sung shan jao ho tien ),https://www.foodpanda.com.tw//en/restaurant/f6gp/bing-dou-lu-dou-sha-song-shan-rao-he-dian
E Chyuan Shih Tang,https://www.foodpanda.com.tw//en/restaurant/wg0s/e-quan-shi-tang
Jin He Sia Re Chao,https://www.foodpanda.com.tw//en/restaurant/l6lr/jin-he-xia-re-chao
芝香雞肉飯,https://www.foodpanda.com.tw//en/restaurant/x7dj/zhi-xiang-ji-rou-fan
焦糖楓串燒漢方無烟撒粉 (台北永吉店),https://www.foodpanda.com.tw//en/restaurant/k6yh/jiao-tang-feng-chuan-shao-han-fang-wu-yan-sa-fen-tai-bei-yong-ji-dian
Popcorn Chicken King (Taipei Tonghua Store),https://www.foodpanda.com.tw//en/restaurant/x7io/tai-wan-yan-su-ji-tai-bei-tong-hua-dian
十全藥膳排骨 (大安通化店),https://www.foodpanda.com.tw//en/restaurant/a6bi/shi-quan-yao-shan-pai-gu-da-an-tong-hua-dian
216粉圓大王,https://www.foodpanda.com.tw//en/restaurant/f5qs/216fen-yuan-da-wang
滿哥甜品坊,https://www.foodpanda.com.tw//en/restaurant/dvw8/man-ge-tian-pin-fang
東區粉圓,https://www.foodpanda.com.tw//en/restaurant/f0nm/dong-qu-fen-yuan
紅花麻辣鹹水雞,https://www.foodpanda.com.tw//en/restaurant/e9dv/hong-hua-ma-la-xian-shui-ji
興安四海豆漿 (台北店),https://www.foodpanda.com.tw//en/restaurant/z0dq/xing-an-si-hai-dou-jiang-tai-bei-dian
京星港式飲茶一店,https://www.foodpanda.com.tw//en/restaurant/db5k/jing-xing-gang-shi-yin-cha-dian
通化街米粉湯50年老店 (胡記復興旗艦店),https://www.foodpanda.com.tw//en/restaurant/y3pm/tong-hua-jie-mi-fen-tang-50nian-lao-dian-hu-ji-fu-xing-qi-jian-dian
玉欣珍傳統美食坊,https://www.foodpanda.com.tw//en/restaurant/w4fi/yu-xin-zhen-chuan-tong-mei-shi-fang
MeatLove橡木炭火韓國烤肉 (台北信義店),https://www.foodpanda.com.tw//en/restaurant/x6jm/meatlovexiang-mu-tan-huo-han-guo-kao-rou-tai-bei-xin-yi-dian
施老板麻辣臭豆腐,https://www.foodpanda.com.tw//en/restaurant/n6qg/shi-lao-ban-ma-la-chou-dou-fu
常旺海鮮熱炒,https://www.foodpanda.com.tw//en/restaurant/v1km/chang-wang-hai-xian-re-chao
HOOTERS美式餐廳 (松山慶城店),https://www.foodpanda.com.tw//en/restaurant/n5qm/hootersmei-shi-can-ting-song-shan-qing-cheng-dian
泰讚了thai like tea市民總店,https://www.foodpanda.com.tw//en/restaurant/l2tr/tai-zan-liao-thai-like-teashi-min-zong-dian
百家班 (台北基隆路店),https://www.foodpanda.com.tw//en/restaurant/w6rm/bai-jia-ban-tai-bei-ji-long-lu-dian
豚花韓式料理,https://www.foodpanda.com.tw//en/restaurant/a1mk/tun-hua-han-shi-liao-li
鱻聚霸生猛海鮮,https://www.foodpanda.com.tw//en/restaurant/xje8/xian-ju-ba-sheng-meng-hai-xian
市民大道涮涮鍋 (松山東興店),https://www.foodpanda.com.tw//en/restaurant/r8su/shi-min-da-dao-shuan-shuan-guo-song-shan-dong-xing-dian
森鱻生猛活海鮮,https://www.foodpanda.com.tw//en/restaurant/ukrw/sen-xian-sheng-meng-huo-hai-xian
ChiaoDuo House,https://www.foodpanda.com.tw//en/restaurant/y0xy/chiaoduo-houseqiao-duo-yang-fang
柒串燒屋 (台北長安店),https://www.foodpanda.com.tw//en/restaurant/exq4/qi-chuan-shao-wu-tai-bei-chang-an-dian
東引快刀手,https://www.foodpanda.com.tw//en/restaurant/o58q/dong-yin-kuai-dao-shou
韓勾a韓式烤肉便當專賣店,https://www.foodpanda.com.tw//en/restaurant/f8xj/han-gou-ahan-shi-kao-rou-bian-dang-zhuan-mai-dian
麥當勞 (S6 台北光復店),https://www.foodpanda.com.tw//en/restaurant/b8dd/mai-dang-lao-s6-tai-bei-guang-fu-dian
三媽臭臭鍋 (台北南京店),https://www.foodpanda.com.tw//en/restaurant/l1xn/san-ma-chou-chou-guo-tai-bei-nan-jing-dian
すき家 Sukiya (國父紀念館店),https://www.foodpanda.com.tw//en/restaurant/y8tl/sukijia-sukiya-guo-fu-ji-nian-guan-dian
清心福全 (信義永吉店),https://www.foodpanda.com.tw//en/restaurant/z7ab/qing-xin-fu-quan-xin-yi-yong-ji-dian
jao ho chao fan mien,https://www.foodpanda.com.tw//en/restaurant/f5gi/rao-he-chao-fan-mian
八方雲集 (信義忠孝店),https://www.foodpanda.com.tw//en/restaurant/o1km/ba-fang-yun-ji-xin-yi-zhong-xiao-dian
職人丼深夜食堂,https://www.foodpanda.com.tw//en/restaurant/y6py/zhi-ren-jing-shen-ye-shi-tang
凱大雞排 (松山八德店),https://www.foodpanda.com.tw//en/restaurant/f9fu/kai-da-ji-pai-song-shan-ba-de-dian
粥師傅廣東粥 (台北永吉店),https://www.foodpanda.com.tw//en/restaurant/f2ey/zhou-shi-fu-guang-dong-zhou-tai-bei-yong-ji-dian
Fun rice 放飯 (台北松信店),https://www.foodpanda.com.tw//en/restaurant/e2cw/fun-rice-fang-fan-tai-bei-song-xin-dian
胖老爹美式炸雞 (台北吉祥店),https://www.foodpanda.com.tw//en/restaurant/z7wg/pang-lao-die-mei-shi-zha-ji-tai-bei-ji-xiang-dian
豪餉滷味,https://www.foodpanda.com.tw//en/restaurant/c5fu/hao-xiang-lu-wei
十分冰品 (光復店),https://www.foodpanda.com.tw//en/restaurant/d1uj/shi-fen-bing-pin-guang-fu-dian
深夜未歸 (台北永春店),https://www.foodpanda.com.tw//en/restaurant/cdq7/shen-ye-wei-gui-tai-bei-yong-chun-dian
胡饕米粉湯55年老店(台北市府店),https://www.foodpanda.com.tw//en/restaurant/y9es/hu-tao-mi-fen-tang-55nian-lao-dian-tai-bei-shi-fu-dian
欲罷不能鹹水雞 (台北忠孝旗艦店),https://www.foodpanda.com.tw//en/restaurant/z8dk/yu-ba-bu-neng-xian-shui-ji-tai-bei-zhong-xiao-qi-jian-dian
丐幫滷味 (台北信義分舵),https://www.foodpanda.com.tw//en/restaurant/b1jl/gai-bang-lu-wei-tai-bei-xin-yi-fen-duo
一碗小羊肉,https://www.foodpanda.com.tw//en/restaurant/a0tn/wan-xiao-yang-rou
wu lin cha ( tai bei yong ji branch ),https://www.foodpanda.com.tw//en/restaurant/wd50/wu-lin-cha-tai-bei-yong-ji-dian
爭鮮迴轉壽司 (忠孝店),https://www.foodpanda.com.tw//en/restaurant/cmik/zheng-xian-hui-zhuan-shou-si-zhong-xiao-dian
不貽樣湯包 (台北延吉店),https://www.foodpanda.com.tw//en/restaurant/l5nl/bu-yi-yang-tang-bao-tai-bei-yan-ji-dian
艋舺200韋晴雯柳州螺螄粉 (萬華通化店),https://www.foodpanda.com.tw//en/restaurant/kghr/meng-jia-200wei-qing-wen-liu-zhou-luo-si-fen-wan-hua-tong-hua-dian
隨意小吃,https://www.foodpanda.com.tw//en/restaurant/a5kg/sui-yi-xiao-chi
沅鄉台南虱目魚店,https://www.foodpanda.com.tw//en/restaurant/vrs0/yuan-xiang-tai-nan-shi-mu-yu-dian
Boom chiu - hao shih cha wu,https://www.foodpanda.com.tw//en/restaurant/uhrb/boomjiu-hao-shi-zha-wu-xzha-ji-zhuan-mai
老先覺功夫窯燒鍋 (台北光復南MiNi店),https://www.foodpanda.com.tw//en/restaurant/f0da/lao-xian-jue-gong-fu-yao-shao-guo-tai-bei-guang-fu-nan-minidian
齒牛香牛肉麵,https://www.foodpanda.com.tw//en/restaurant/g3rx/chi-niu-xiang-niu-rou-mian
爆Q美式炸雞 (台北永吉店),https://www.foodpanda.com.tw//en/restaurant/y0cm/bao-qmei-shi-zha-ji-tai-bei-yong-ji-dian
人从众厚切牛排館 (台北敦化店),https://www.foodpanda.com.tw//en/restaurant/y0ak/ren-cong-zhong-hou-qie-niu-pai-guan-tai-bei-dun-hua-dian
萬華莊家班麻油雞 (台北八德店),https://www.foodpanda.com.tw//en/restaurant/q3ai/wan-hua-zhuang-jia-ban-ma-you-ji-tai-bei-ba-de-dian
秧米 (台北市府店),https://www.foodpanda.com.tw//en/restaurant/f0gq/yang-mi-tai-bei-shi-fu-dian
滿月甜甜圈 (台北敦化店),https://www.foodpanda.com.tw//en/restaurant/d940/man-yue-tian-tian-quan-tai-bei-dun-hua-dian
石家烤肉飯,https://www.foodpanda.com.tw//en/restaurant/x4uz/shi-jia-kao-rou-fan
暖男炸雞,https://www.foodpanda.com.tw//en/restaurant/z1w3/nuan-nan-zha-ji
金賞東山鴨頭,https://www.foodpanda.com.tw//en/restaurant/p1aj/jin-shang-dong-shan-ya-tou
金色三麥 (誠品信義店),https://www.foodpanda.com.tw//en/restaurant/ev09/jin-se-san-mai-cheng-pin-xin-yi-dian
潑辣涼麵,https://www.foodpanda.com.tw//en/restaurant/y0fr/po-la-liang-mian
Yong Bo Yong Bo ( Tai Bei Sin Yi Branch ),https://www.foodpanda.com.tw//en/restaurant/ljjk/yong-bo-yong-bo-tai-bei-xin-yi-dian
星島海南雞飯,https://www.foodpanda.com.tw//en/restaurant/z1tc/xing-dao-hai-nan-ji-fan
口吅品麻辣臭豆腐 (台北通化店),https://www.foodpanda.com.tw//en/restaurant/a8je/kou-xuan-pin-ma-la-chou-dou-fu-tai-bei-tong-hua-dian
口吅品麻辣臭豆腐 (台北饒河店),https://www.foodpanda.com.tw//en/restaurant/a2bg/kou-xuan-pin-ma-la-chou-dou-fu-tai-bei-rao-he-dian
雞啃工廠脆皮雞排店 (台北通化店),https://www.foodpanda.com.tw//en/restaurant/r9tn/ji-ken-gong-chang-cui-pi-ji-pai-dian-tai-bei-tong-hua-dian
麻丹辣-麻辣滷味 (台北饒河店),https://www.foodpanda.com.tw//en/restaurant/y5rl/ma-dan-la-ma-la-lu-wei-tai-bei-rao-he-dian
小林麵食館,https://www.foodpanda.com.tw//en/restaurant/o9kn/xiao-lin-mian-shi-guan
石家割包 (通化夜市店),https://www.foodpanda.com.tw//en/restaurant/c6vn/shi-jia-ge-bao-tong-hua-ye-shi-dian
爆汁小雞,https://www.foodpanda.com.tw//en/restaurant/tzvt/bao-zhi-xiao-ji
大狗麵線 (台北通化店),https://www.foodpanda.com.tw//en/restaurant/d7lo/da-gou-mian-xian-tai-bei-tong-hua-dian
水巷茶弄 (南京三民店),https://www.foodpanda.com.tw//en/restaurant/d2ho/shui-xiang-cha-nong-nan-jing-san-min-dian
老漿家,https://www.foodpanda.com.tw//en/restaurant/p9iw/lao-jiang-jia
阿宏師涼麵嘉義雞肉飯 (松山八德店),https://www.foodpanda.com.tw//en/restaurant/j22e/a-hong-shi-liang-mian-jia-yi-ji-rou-fan-song-shan-ba-de-dian
老店頭台南意麵,https://www.foodpanda.com.tw//en/restaurant/l6qk/lao-dian-tou-tai-nan-yi-mian
yu tien tien yu pu hui tai tien,https://www.foodpanda.com.tw//en/restaurant/u28s/you-dian-tian-you-bu-hui-tai-tian
燈籠滷味 (台北通化店),https://www.foodpanda.com.tw//en/restaurant/z3dc/deng-long-lu-wei-tai-bei-tong-hua-dian
大埔平價鐵板燒 (台北長安店),https://www.foodpanda.com.tw//en/restaurant/d3dh/da-bu-ping-jia-tie-ban-shao-tai-bei-chang-an-dian
85度C (台北京華店),https://www.foodpanda.com.tw//en/restaurant/uqvz/85du-c-tai-bei-jing-hua-dian
大呼過癮 (台北通化店),https://www.foodpanda.com.tw//en/restaurant/bp1v/da-hu-guo-yin-tai-bei-tong-hua-dian
開源社香雞排 (台北延吉店),https://www.foodpanda.com.tw//en/restaurant/a2hz/kai-yuan-she-xiang-ji-pai-tai-bei-yan-ji-dian
圓環鴨肉羹,https://www.foodpanda.com.tw//en/restaurant/v2qs/yuan-huan-ya-rou-geng
迷客夏 Milksha (臺北延吉店),https://www.foodpanda.com.tw//en/restaurant/igs4/mi-ke-xia-milksha-tai-bei-yan-ji-dian
B&B STEAK,https://www.foodpanda.com.tw//en/restaurant/dge8/bandb-steak
hou jhuang pai gu su mian,https://www.foodpanda.com.tw//en/restaurant/hozg/hou-pai-gu-su-mian
登豐港式麻辣,https://www.foodpanda.com.tw//en/restaurant/a4ay/deng-feng-gang-shi-ma-la
十全排骨 (松山饒河店),https://www.foodpanda.com.tw//en/restaurant/p6dy/shi-quan-pai-gu-song-shan-rao-he-dian
巷口亭古早味甜品店,https://www.foodpanda.com.tw//en/restaurant/ttty/xiang-kou-ting-gu-zao-wei-tian-pin-dian
吳哥窟蜜汁雞排,https://www.foodpanda.com.tw//en/restaurant/l3sk/wu-ge-ku-mi-zhi-ji-pai
東區鹽酥雞,https://www.foodpanda.com.tw//en/restaurant/y8ya/dong-qu-yan-su-ji
kan che ma ma ( hsin i yung chi branch ),https://www.foodpanda.com.tw//en/restaurant/kbso/gan-zhe-noma-ma-xin-yi-yong-ji-dian
辛潮滷肉飯 (台北市府店),https://www.foodpanda.com.tw//en/restaurant/c368/xin-chao-lu-rou-fan-tai-bei-shi-fu-dian
一甲子 東區烤肉,https://www.foodpanda.com.tw//en/restaurant/al9h/jia-zi-dong-qu-kao-rou
吉野家 Yoshinoya (台北南二店),https://www.foodpanda.com.tw//en/restaurant/x8kn/ji-ye-jia-yoshinoya-tai-bei-nan-er-dian
完鍋子熱炒,https://www.foodpanda.com.tw//en/restaurant/l700/wan-guo-zi-re-chao
林家羊肉羹,https://www.foodpanda.com.tw//en/restaurant/ociw/lin-jia-yang-rou-geng
瑞客來永和豆漿 (台北中坡店),https://www.foodpanda.com.tw//en/restaurant/y5ng/rui-ke-lai-yong-he-dou-jiang-tai-bei-zhong-po-dian
福客鹹酥雞 (原啼款雞信義店),https://www.foodpanda.com.tw//en/restaurant/bidm/fu-ke-xian-su-ji-yuan-ti-kuan-ji-xin-yi-dian
a feng shi lu rou zao fan ri shi bao yu tang (song shan rao he branch ),https://www.foodpanda.com.tw//en/restaurant/mcpg/a-feng-shi-lu-rou-zao-fan-ri-shi-bao-yu-tang-song-shan-rao-he-dian
歐林鐵板燒,https://www.foodpanda.com.tw//en/restaurant/j9ik/ou-lin-tie-ban-shao
通化粉圓冰品&一杯好茶,https://www.foodpanda.com.tw//en/restaurant/f8fd/tong-hua-fen-yuan-bing-pin-and-bei-hao-cha
田木果,https://www.foodpanda.com.tw//en/restaurant/b4hy/tian-mu-guo
lao tsa mou lo ssu fen ( tai pei sogo branch ),https://www.foodpanda.com.tw//en/restaurant/jtef/lao-za-mou-luo-si-fen-yan-ji-dian
胖老爹美式炸雞 (信義吳興店),https://www.foodpanda.com.tw//en/restaurant/z7kz/pang-lao-die-mei-shi-zha-ji-xin-yi-wu-xing-dian
享想 台灣珍藏茶 (台北民生總店),https://www.foodpanda.com.tw//en/restaurant/h7ly/xiang-xiang-tai-wan-zhen-cang-cha-tai-bei-min-sheng-zong-dian
延吉街70巷鹹酥雞,https://www.foodpanda.com.tw//en/restaurant/xxds/yan-ji-jie-70xiang-xian-su-ji
醉翁熱炒,https://www.foodpanda.com.tw//en/restaurant/b7hj/zui-weng-re-chao
小華冰果室,https://www.foodpanda.com.tw//en/restaurant/pa8v/xiao-hua-bing-guo-shi
冰山一角甜品屋,https://www.foodpanda.com.tw//en/restaurant/y3oz/bing-shan-jiao-tian-pin-wu
1001 Nights Taipei 一千零一夜 (水煙館),https://www.foodpanda.com.tw//en/restaurant/f9hc/1001-nights-taipei-qian-ling-ye-shui-yan-guan
雅口天香小吃店,https://www.foodpanda.com.tw//en/restaurant/f0f4/ya-kou-tian-xiang-xiao-chi-dian
摩斯漢堡Mos Burger (光復店),https://www.foodpanda.com.tw//en/restaurant/y0gl/mo-si-han-bao-mos-burger-guang-fu-dian
Pasta Hut義大利麵 (台北八德店),https://www.foodpanda.com.tw//en/restaurant/pu1r/pasta-hutyi-da-li-mian-tai-bei-ba-de-dian
Dong Chyu Ching Jhou Siao Tsai,https://www.foodpanda.com.tw//en/restaurant/cnxp/dong-qu-qing-zhou-xiao-cai
阿龍師脆皮烤鴨放山雞,https://www.foodpanda.com.tw//en/restaurant/v5fs/a-long-shi-cui-pi-kao-ya-fang-shan-ji
百洲日式料理,https://www.foodpanda.com.tw//en/restaurant/nxcx/bai-zhou-ri-shi-liao-li
英倫茶事 (台北松山店),https://www.foodpanda.com.tw//en/restaurant/fxxe/ying-lun-cha-shi-tai-bei-song-shan-dian
wei ying chia hsiang tan kao chi pai ( tai pei chung te branch ),https://www.foodpanda.com.tw//en/restaurant/xmsy/wei-ying-jia-xiang-tan-kao-ji-pai-tai-bei-chong-de-dian
柒息地串燒屋 (台北延吉店),https://www.foodpanda.com.tw//en/restaurant/iy46/qi-xi-di-chuan-shao-wu-tai-bei-yan-ji-dian
台北永和豆漿大王 (台北信義店),https://www.foodpanda.com.tw//en/restaurant/y4iq/tai-bei-yong-he-dou-jiang-da-wang-tai-bei-xin-yi-dian
林家德國豬腳,https://www.foodpanda.com.tw//en/restaurant/f6ii/lin-jia-de-guo-zhu-jiao
千日居,https://www.foodpanda.com.tw//en/restaurant/ooj2/qian-ri-ju
豆漿哥小吃專門店 (南港同德店),https://www.foodpanda.com.tw//en/restaurant/n3oo/dou-jiang-ge-xiao-chi-zhuan-men-dian-nan-gang-tong-de-dian
徐杯杯粉圓仙草,https://www.foodpanda.com.tw//en/restaurant/f7bq/xu-bei-bei-fen-yuan-xian-cao
麻辣干鍋X雲饕廚房 (台北大安店),https://www.foodpanda.com.tw//en/restaurant/ytht/ma-la-gan-guo-xyun-tao-chu-fang-tai-bei-da-an-dian
好雞匯鹹水雞 (臨江通化店),https://www.foodpanda.com.tw//en/restaurant/p805/hao-ji-hui-xian-shui-ji-lin-jiang-tong-hua-dian
Ajassi韓式料理,https://www.foodpanda.com.tw//en/restaurant/tkjo/ajassihan-shi-liao-li
鄉淳布丁豆花,https://www.foodpanda.com.tw//en/restaurant/v5vc/xiang-chun-bu-ding-dou-hua
松旺臭豆腐,https://www.foodpanda.com.tw//en/restaurant/y9ro/song-wang-chou-dou-fu
董記熱滷,https://www.foodpanda.com.tw//en/restaurant/stru/dong-ji-re-lu
Burger King (Dun Nan),https://www.foodpanda.com.tw//en/restaurant/w4to/burger-king-han-bao-wang-tai-bei-dun-nan-dian
可不可熟成紅茶 (台北通化店),https://www.foodpanda.com.tw//en/restaurant/yy8j/ke-bu-ke-shou-cheng-hong-cha-tai-bei-tong-hua-dian
日船章魚小丸子 (台北饒河店),https://www.foodpanda.com.tw//en/restaurant/f6jy/ri-chuan-zhang-yu-xiao-wan-zi-tai-bei-rao-he-dian
阿三食堂,https://www.foodpanda.com.tw//en/restaurant/y8ec/a-san-shi-tang
極燒骰子牛 (台北通化店),https://www.foodpanda.com.tw//en/restaurant/tlgt/ji-shao-tou-zi-niu-tai-bei-tong-hua-dian
30巷珍味果汁肉鬆店,https://www.foodpanda.com.tw//en/restaurant/a2ms/30xiang-zhen-wei-guo-zhi-rou-song-dian
複合式碳烤,https://www.foodpanda.com.tw//en/restaurant/k6ld/fu-he-shi-tan-kao
道地之最燒肉飯,https://www.foodpanda.com.tw//en/restaurant/dioz/dao-di-zhi-zui-shao-rou-fan
空杯 (內湖新明店),https://www.foodpanda.com.tw//en/restaurant/a4qq/kong-bei-nei-hu-xin-ming-dian
功夫肉圓,https://www.foodpanda.com.tw//en/restaurant/doaa/gong-fu-rou-yuan
一品鍋燒麵,https://www.foodpanda.com.tw//en/restaurant/cavz/pin-guo-shao-mian
鍾記通化魷魚羹,https://www.foodpanda.com.tw//en/restaurant/uuev/zhong-ji-tong-hua-you-yu-geng
雞共a鹽酥雞,https://www.foodpanda.com.tw//en/restaurant/h2oi/ji-gong-ayan-su-ji
不貽樣湯包 (台北松德店),https://www.foodpanda.com.tw//en/restaurant/m4aq/bu-yi-yang-tang-bao-tai-bei-song-de-dian
大元冰品 (信義莊敬店),https://www.foodpanda.com.tw//en/restaurant/f5xe/da-yuan-bing-pin-xin-yi-zhuang-jing-dian
Lao Mo Chu Fang ( Tai Bei Sin Yi branch ),https://www.foodpanda.com.tw//en/restaurant/lsd9/lao-mo-chu-fang-tai-bei-xin-yi-dian
麗華行知名網紅推薦美食 雞排滷肉飯,https://www.foodpanda.com.tw//en/restaurant/yvuo/li-hua-xing-zhi-ming-wang-hong-tui-jian-mei-shi-ji-pai-lu-rou-fan
ji ji jha jha sian su ji jha wu jhuan mai,https://www.foodpanda.com.tw//en/restaurant/e93n/ji-ji-zha-zha-xian-su-ji-zha-wu-zhuan-mai
才哥甜品舖 (台北吳興店),https://www.foodpanda.com.tw//en/restaurant/y3io/cai-ge-tian-pin-pu-tai-bei-wu-xing-dian
鮮茶道 (台北松山高商店),https://www.foodpanda.com.tw//en/restaurant/b2yn/xian-cha-dao-tai-bei-song-shan-gao-shang-dian
茶霸,https://www.foodpanda.com.tw//en/restaurant/hscw/cha-ba
蒜翻天 (台北敦化店),https://www.foodpanda.com.tw//en/restaurant/y0wk/suan-fan-tian-tai-bei-dun-hua-dian
于果麻麻麻辣燙,https://www.foodpanda.com.tw//en/restaurant/q5pt/yu-guo-ma-ma-xian-qie-shui-guo-guo-zhi
偷吃面麵食店,https://www.foodpanda.com.tw//en/restaurant/sycb/tou-chi-mian-mian-shi-dian
BANG 泰-泰式便當專門店 (台北信義店),https://www.foodpanda.com.tw//en/restaurant/q1ap/bang-tai-tai-shi-bian-dang-zhuan-men-dian-tai-bei-xin-yi-dian
饒河夜市 麻湘辣麻辣滷味,https://www.foodpanda.com.tw//en/restaurant/ot0o/rao-he-ye-shi-ma-xiang-la-ma-la-lu-wei
大王粥舖,https://www.foodpanda.com.tw//en/restaurant/c9yi/da-wang-zhou-pu
四味海鮮羹,https://www.foodpanda.com.tw//en/restaurant/h4vf/si-wei-hai-xian-geng
秧米Yumeat Rice,https://www.foodpanda.com.tw//en/restaurant/z4mr/yang-mi-yumeat-rice
楊婆婆八寶粥,https://www.foodpanda.com.tw//en/restaurant/y0ue/yang-po-po-ba-bao-zhou
饕客法式脆薄餅,https://www.foodpanda.com.tw//en/restaurant/bf9y/tao-ke-fa-shi-cui-bo-bing
東區大塊牛排,https://www.foodpanda.com.tw//en/restaurant/sc8t/dong-qu-da-kuai-niu-pai
林記海南雞飯 (台北大安店),https://www.foodpanda.com.tw//en/restaurant/fg4l/lin-ji-hai-nan-ji-fan-tai-bei-da-an-dian
大腸包小腸 (松山饒河店),https://www.foodpanda.com.tw//en/restaurant/q3pt/da-chang-bao-xiao-chang-song-shan-rao-he-dian
唐門潮雞排 (信義分舵),https://www.foodpanda.com.tw//en/restaurant/e5od/da-wang-chuan-chuan-shao-kao-zha-wu
生蠔哥海鮮燒烤,https://www.foodpanda.com.tw//en/restaurant/i0yw/sheng-hao-ge-hai-xian-shao-kao
邱家碳烤玉米大腸包小腸,https://www.foodpanda.com.tw//en/restaurant/b3kr/qiu-jia-tan-kao-yu-mi-da-chang-bao-xiao-chang
一品園湯包排骨酥,https://www.foodpanda.com.tw//en/restaurant/f6wm/pin-yuan-tang-bao-pai-gu-su
鼎王麻辣鍋 (台北忠孝店),https://www.foodpanda.com.tw//en/restaurant/u1me/ding-wang-ma-la-guo-tai-bei-zhong-xiao-dian
大漢草原-新疆羊肉串 (台北通化店),https://www.foodpanda.com.tw//en/restaurant/o2kl/da-han-cao-yuan-xin-jiang-yang-rou-chuan-tai-bei-tong-hua-dian
新明快炒,https://www.foodpanda.com.tw//en/restaurant/iwr5/xin-ming-kuai-chao
85度C (台北光復北店),https://www.foodpanda.com.tw//en/restaurant/y8cd/85du-c-tai-bei-guang-fu-bei-dian
tian yu jhuang chuan shao wu,https://www.foodpanda.com.tw//en/restaurant/k0vg/tian-yu-zhuang-chuan-shao-wu
粥師傅廣東粥 (台北和平店),https://www.foodpanda.com.tw//en/restaurant/f4rq/zhou-shi-fu-guang-dong-zhou-tai-bei-he-ping-dian
紅火食代 串燒專門店 (台北安居店),https://www.foodpanda.com.tw//en/restaurant/sl2e/hong-huo-shi-dai-chuan-shao-zhuan-men-dian-tai-bei-an-ju-dian
肉飯子,https://www.foodpanda.com.tw//en/restaurant/vsyn/rou-fan-zi
90 sec pizza 九十秒窯烤披薩,https://www.foodpanda.com.tw//en/restaurant/iqp2/90-sec-pizza-jiu-shi-miao-yao-kao-pi-sa
金珍珠石頭碳烤糯玉米,https://www.foodpanda.com.tw//en/restaurant/l4ti/jin-zhen-zhu-shi-tou-tan-kao-nuo-yu-mi
日本電視冠軍剪刀式雞蛋糕,https://www.foodpanda.com.tw//en/restaurant/x9vi/ri-ben-dian-shi-guan-jun-jian-dao-shi-ji-dan-gao
Ma Zih La Mong Gu Ma La Tang ( Tai Bei Sin Yi Fu De Dian ),https://www.foodpanda.com.tw//en/restaurant/zt1w/ma-zi-la-meng-gu-ma-la-tang-tai-bei-xin-yi-fu-de-dian
山豬肉炒飯麵,https://www.foodpanda.com.tw//en/restaurant/f7ts/shan-zhu-rou-chao-fan-mian
品麟熱炒,https://www.foodpanda.com.tw//en/restaurant/k8tx/pin-lin-re-chao
永和豆漿 吳興街底,https://www.foodpanda.com.tw//en/restaurant/fmab/yong-he-dou-jiang-wu-xing-jie-di
宣棧生魚居酒屋,https://www.foodpanda.com.tw//en/restaurant/lwby/xuan-zhan-sheng-yu-ju-jiu-wu
tian pin lu wei fang ( tai bei ren ai dian ),https://www.foodpanda.com.tw//en/restaurant/oq6v/tian-pin-lu-wei-fang-tai-bei-ren-ai-dian
貝克起司馬鈴薯 (台北饒河店),https://www.foodpanda.com.tw//en/restaurant/pc1e/bei-ke-qi-si-ma-ling-shu-tai-bei-rao-he-dian
林記上海生煎包,https://www.foodpanda.com.tw//en/restaurant/z3rt/lin-ji-shang-hai-sheng-jian-bao
一流清粥小菜,https://www.foodpanda.com.tw//en/restaurant/y1ek/liu-qing-zhou-xiao-cai
老饕廚房 (台北敦化店),https://www.foodpanda.com.tw//en/restaurant/ifka/lao-tao-chu-fang-tai-bei-dun-hua-dian
圈粉砂鍋獨門腸粉,https://www.foodpanda.com.tw//en/restaurant/uudz/quan-fen-sha-guo-du-men-chang-fen
火烤魚 (台北通化店),https://www.foodpanda.com.tw//en/restaurant/nnl3/huo-kao-yu-tai-bei-tong-hua-dian
火山一鍋,https://www.foodpanda.com.tw//en/restaurant/y0yv/huo-shan-guo
洪記豆漿大王 (台北長春店),https://www.foodpanda.com.tw//en/restaurant/m6hr/hong-ji-dou-jiang-da-wang-tai-bei-chang-chun-dian
巧手韓式蛋中蛋,https://www.foodpanda.com.tw//en/restaurant/r5lg/qiao-shou-han-shi-dan-zhong-dan
炸老大雞排鹹酥雞專賣店 (台北瑞安店),https://www.foodpanda.com.tw//en/restaurant/y8fc/zha-lao-da-ji-pai-xian-su-ji-zhuan-mai-dian-tai-bei-rui-an-dian
舒酮 (台北信義店),https://www.foodpanda.com.tw//en/restaurant/k7jl/shu-tong-tai-bei-xin-yi-dian
巨蟹女孩 雞蛋糕,https://www.foodpanda.com.tw//en/restaurant/v6ln/ju-xie-nu-hai-ji-dan-gao
繼光香香雞 (台北臨江店),https://www.foodpanda.com.tw//en/restaurant/sxwh/ji-guang-xiang-xiang-ji-tai-bei-lin-jiang-dian
Mr.Smile 好吃雞排 (台北復興店),https://www.foodpanda.com.tw//en/restaurant/a2le/mr-smile-hao-chi-ji-pai-tai-bei-fu-xing-dian
新台灣G王,https://www.foodpanda.com.tw//en/restaurant/g9pi/xin-tai-wan-gwang
3733特大雞排,https://www.foodpanda.com.tw//en/restaurant/vqhi/3733te-da-ji-pai
煲閣X雲饕廚房 (台北大安店),https://www.foodpanda.com.tw//en/restaurant/xwye/bao-ge-xyun-tao-chu-fang-tai-bei-da-an-dian
泰味炸 正宗泰式炸雞 x 小林泰國蝦(大安店),https://www.foodpanda.com.tw//en/restaurant/e1hy/tai-wei-zha-zheng-zong-tai-shi-zha-ji-x-xiao-lin-tai-guo-xia-da-an-dian
Big Al's Burgers,https://www.foodpanda.com.tw//en/restaurant/u2xh/big-als-burgers
岡山正味羊肉,https://www.foodpanda.com.tw//en/restaurant/r815/gang-shan-zheng-wei-yang-rou
雙月食品社 (森林公園店),https://www.foodpanda.com.tw//en/restaurant/wt8w/shuang-yue-shi-pin-she-sen-lin-gong-yuan-dian
潮.炒泡麵x雲饕廚房 (台北大安店),https://www.foodpanda.com.tw//en/restaurant/t23y/chao-chao-pao-mian-xyun-tao-chu-fang-tai-bei-da-an-dian
角窩美式餐酒館,https://www.foodpanda.com.tw//en/restaurant/y2ox/jiao-wo-mei-shi-can-jiu-guan
川醉湘 (台北通化店),https://www.foodpanda.com.tw//en/restaurant/pepc/chuan-zui-xiang-tai-bei-tong-hua-dian
台客麻辣燙 (台北南港店),https://www.foodpanda.com.tw//en/restaurant/ex6c/tai-ke-ma-la-tang-tai-bei-nan-gang-dian
瘋茶館,https://www.foodpanda.com.tw//en/restaurant/x1km/feng-cha-guan
威爾森龍蝦堡,https://www.foodpanda.com.tw//en/restaurant/q6td/wei-er-sen-long-xia-bao
新海岸活蝦 (Taipei Shi-Min Store),https://www.foodpanda.com.tw//en/restaurant/w4ve/xin-hai-an-huo-xia-tai-bei-shi-min-dian
豚總長 二郎風乾拌拉麵,https://www.foodpanda.com.tw//en/restaurant/b10a/tun-zong-chang-er-lang-feng-gan-ban-la-mian
盈家鹽酥菇,https://www.foodpanda.com.tw//en/restaurant/a8gs/ying-jia-yan-su-gu
人从众厚切牛排 (台北復興店),https://www.foodpanda.com.tw//en/restaurant/z9ga/ren-cong-zhong-hou-qie-niu-pai-tai-bei-fu-xing-dian
tong hua yeh shih an an di gua chiou,https://www.foodpanda.com.tw//en/restaurant/az4m/tong-hua-ye-shi-an-an-di-gua-qiu
he shao tan huo chuan kao,https://www.foodpanda.com.tw//en/restaurant/n1ph/ke-shao-tan-huo-chuan-kao
芭樂先生 (台北饒河店),https://www.foodpanda.com.tw//en/restaurant/m64v/ba-le-xian-sheng-tai-bei-rao-he-dian
赤滝拉麵,https://www.foodpanda.com.tw//en/restaurant/k780/chi-long-la-mian
噗嚨哄海鮮餐廳,https://www.foodpanda.com.tw//en/restaurant/y9hx/pu-long-hong-hai-xian-can-ting
韓國大叔 (台北敦化店),https://www.foodpanda.com.tw//en/restaurant/nt61/han-guo-da-shu-tai-bei-dun-hua-dian
糖閣X雲饕廚房 (台北大安店),https://www.foodpanda.com.tw//en/restaurant/hgon/tang-ge-xyun-tao-chu-fang-tai-bei-da-an-dian
ta tso nei lu wei,https://www.foodpanda.com.tw//en/restaurant/ykrh/da-cuo-nei-lu-wei
TEATOP 第一味 (台北通化店),https://www.foodpanda.com.tw//en/restaurant/puxt/teatop-di-wei-tai-bei-tong-hua-dian
富士堂-日本鮮奶茶飲,https://www.foodpanda.com.tw//en/restaurant/akhe/fu-shi-tang-ri-ben-xian-nai-cha-yin
馬友友印度廚房 (MIK-8) (台北忠孝店),https://www.foodpanda.com.tw//en/restaurant/w6ei/ma-you-you-yin-du-chu-fang-mik-8-tai-bei-zhong-xiao-dian
樂之本味 (台北合江店),https://www.foodpanda.com.tw//en/restaurant/d1eo/le-zhi-ben-wei-tai-bei-he-jiang-dian
陳Q古早味黑砂糖剉冰 (通化夜市店),https://www.foodpanda.com.tw//en/restaurant/n4ej/chen-qgu-zao-wei-hei-sha-tang-cuo-bing-tong-hua-ye-shi-dian
長春涼麵,https://www.foodpanda.com.tw//en/restaurant/y7oz/chang-chun-liang-mian
一口金酥臭豆腐,https://www.foodpanda.com.tw//en/restaurant/zq1n/kou-jin-su-chou-dou-fu
chuan chuan tien te lao wang,https://www.foodpanda.com.tw//en/restaurant/vp4u/chuan-chuan-dian-de-lao-wang
好雞匯鹹水雞(台北林森店),https://www.foodpanda.com.tw//en/restaurant/b7ii/hao-ji-hui-xian-shui-ji-tai-bei-lin-sen-dian
恩恩努肉飯,https://www.foodpanda.com.tw//en/restaurant/f2gx/en-en-nu-rou-fan
金小噹韓式烤肉便當專賣店,https://www.foodpanda.com.tw//en/restaurant/w11y/jin-xiao-dang-han-shi-kao-rou-bian-dang-zhuan-mai-dian
人間第一美味,https://www.foodpanda.com.tw//en/restaurant/q3wo/ren-jian-di-mei-wei
ling hsiao mei leng chih chuan chuan,https://www.foodpanda.com.tw//en/restaurant/tn44/ling-xiao-mei-leng-zhi-chuan-chuan
hao si hits the spot ( tai bei rao he branch ),https://www.foodpanda.com.tw//en/restaurant/szja/hao-xi-hits-the-spot-tai-bei-rao-he-dian
三顧茅廬 (台北永康店),https://www.foodpanda.com.tw//en/restaurant/gqm4/san-gu-mao-lu-tai-bei-yong-kang-dian
dé PLACE,https://www.foodpanda.com.tw//en/restaurant/w8qa/de-place-de-pu-lei-si
lao wang cha kao ( tai pei chung shan branch ),https://www.foodpanda.com.tw//en/restaurant/q2la/lao-wang-zha-kao-tai-bei-zhong-shan-dian
Mr.牛 炙燒牛排,https://www.foodpanda.com.tw//en/restaurant/idzs/mr-niu-zhi-shao-niu-pai
zhen hao zheng zong jia yi huo ji rou fan (rao he ye shi ),https://www.foodpanda.com.tw//en/restaurant/amj4/zhen-hao-zheng-zong-jia-yi-huo-ji-rou-fan-rao-he-ye-shi
義麵食客,https://www.foodpanda.com.tw//en/restaurant/v3jv/yi-mian-shi-ke
rao he ye shi fan ni zhu Funnypig hong bei,https://www.foodpanda.com.tw//en/restaurant/eg55/rao-he-ye-shi-fan-ni-zhu-funnypighong-bei
梁記豆花 (台北安東店),https://www.foodpanda.com.tw//en/restaurant/b6oc/liang-ji-dou-hua-tai-bei-an-dong-dian
hei dian ri shi guo shao wu long zhuan mai dian,https://www.foodpanda.com.tw//en/restaurant/epoy/hei-dian-ri-shi-guo-shao-wu-long-zhuan-mai-dian
A2甘草芭樂,https://www.foodpanda.com.tw//en/restaurant/m5wb/a2gan-cao-ba-le
nuan nan zha ji dian,https://www.foodpanda.com.tw//en/restaurant/naxz/nuan-nan-zha-ji-dian
雞老闆桶仔雞 (台北長春店),https://www.foodpanda.com.tw//en/restaurant/w8pp/ji-lao-ban-tong-zi-ji-tai-bei-chang-chun-dian
siao cha fang tong hua 01,https://www.foodpanda.com.tw//en/restaurant/q8za/xiao-cha-fang-tong-hua-01
ya hsiang pao,https://www.foodpanda.com.tw//en/restaurant/pq46/ya-xiang-bao-pq46
轉角蜜汁無骨鹹酥雞,https://www.foodpanda.com.tw//en/restaurant/xuhc/zhuan-jiao-mi-zhi-wu-gu-xian-su-ji
韓老二韓國烤肉 (新大安店),https://www.foodpanda.com.tw//en/restaurant/n74j/han-lao-er-han-guo-kao-rou-xin-da-an-dian
阿琪師小籠包,https://www.foodpanda.com.tw//en/restaurant/k4wo/a-qi-shi-xiao-long-bao
炸G行家(台北民生店),https://www.foodpanda.com.tw//en/restaurant/u6bb/zha-gxing-jia-tai-bei-min-sheng-dian
萬華莊家班麻油雞 (台北錦州店),https://www.foodpanda.com.tw//en/restaurant/eeyh/wan-hua-zhuang-jia-ban-ma-you-ji-tai-bei-jin-zhou-dian
台灣手作水果冰淇淋,https://www.foodpanda.com.tw//en/restaurant/aqbn/tai-wan-shou-zuo-shui-guo-bing-qi-lin
游刃魷魚烤魷魚,https://www.foodpanda.com.tw//en/restaurant/etsl/you-ren-you-yu-kao-you-yu
卡頌披薩,https://www.foodpanda.com.tw//en/restaurant/y1mh/qia-song-pi-sa
chu chu hsien sheng,https://www.foodpanda.com.tw//en/restaurant/znzz/mr-chef-zhu-chu-xian-sheng-mei-shi-zha-ji-zhong-xiao-fu-xing-dian
tai Tai Mini,https://www.foodpanda.com.tw//en/restaurant/er3o/thai-mini-tai-shi-liao-li
一串（串燒、燒肉便當專賣）,https://www.foodpanda.com.tw//en/restaurant/f9fc/chuan-chuan-shao-shao-rou-bian-dang-zhuan-mai
早！找餐？精緻早午餐,https://www.foodpanda.com.tw//en/restaurant/a7lt/zao-zhao-can-jing-zhi-zao-wu-can
韓國時間,https://www.foodpanda.com.tw//en/restaurant/y1hz/han-guo-shi-jian
Tasty Kao Ya,https://www.foodpanda.com.tw//en/restaurant/scgx/tasty-kao-ya
帆船 異國手抓海鮮,https://www.foodpanda.com.tw//en/restaurant/bwy2/fan-chuan-yi-guo-shou-zhua-hai-xian
串在一起 (串燒),https://www.foodpanda.com.tw//en/restaurant/r5zc/chuan-zai-qi-chuan-shao
極品鹽水雞 (台北長春店),https://www.foodpanda.com.tw//en/restaurant/y7zn/ji-pin-yan-shui-ji-tai-bei-chang-chun-dian
la ko hsiang tzu ( ta an tun nan tien ),https://www.foodpanda.com.tw//en/restaurant/d68w/la-ge-xiang-zi-da-an-dun-nan-dian
Yang Yi Sheng Chao Yang Rou,https://www.foodpanda.com.tw//en/restaurant/vsz9/yang-yi-sheng-chao-yang-rou
Fun rice fang fan (tai bei zhong shan branch ),https://www.foodpanda.com.tw//en/restaurant/r5ki/fun-rice-fang-fan-tai-bei-zhong-shan-dian-r5ki
脆皮圓形燒,https://www.foodpanda.com.tw//en/restaurant/y9ea/cui-pi-yuan-xing-shao
Rao He Yeh Shih Shang Hao Kao Rou,https://www.foodpanda.com.tw//en/restaurant/d88y/shang-hao-kao-rou-rao-he-dian
香港大茶檔,https://www.foodpanda.com.tw//en/restaurant/z1cf/xiang-gang-da-cha-dang
魷霸子炸魷魚,https://www.foodpanda.com.tw//en/restaurant/jsuo/you-ba-zi-zha-you-yu
hsiao mi tien tien chuan Donuts,https://www.foodpanda.com.tw//en/restaurant/wkfe/xiao-mi-tian-tian-quan-donuts
tang tai zhong yang sheng dun pin tian tang (bu lao song xin yi branch ),https://www.foodpanda.com.tw//en/restaurant/uhf4/tang-tai-zhong-yang-sheng-dun-pin-tian-tang-bu-lao-song-xin-yi-dian
3Q脆皮雞排 (中山七條通店),https://www.foodpanda.com.tw//en/restaurant/pzr4/3qcui-pi-ji-pai-zhong-shan-qi-tiao-tong-dian
雞掌櫃 (台北通化店),https://www.foodpanda.com.tw//en/restaurant/y4pb/ji-zhang-gui-tai-bei-tong-hua-dian
Tang siao can guan,https://www.foodpanda.com.tw//en/restaurant/o4fj/tang-tangchao-pao-mian
Siao Cha Fang Jhou,https://www.foodpanda.com.tw//en/restaurant/l0zc/xiao-cha-fang-zhou
樂和牛排館,https://www.foodpanda.com.tw//en/restaurant/vbwu/le-he-niu-pai-guan
林媽媽魯肉飯黑白切麵館,https://www.foodpanda.com.tw//en/restaurant/dg2d/lin-ma-ma-lu-rou-fan-hei-bai-qie-mian-guan
hua ta chu chao niu yang jou hsiao chih tien,https://www.foodpanda.com.tw//en/restaurant/dzl0/hua-da-chu-chao-niu-yang-rou-xiao-chi-dian
黑小黑串燒大安店,https://www.foodpanda.com.tw//en/restaurant/bdcx/hei-xiao-hei-chuan-shao-da-an-dian
元湯X雲饕廚房 (台北大安店),https://www.foodpanda.com.tw//en/restaurant/xp2t/yuan-tang-xyun-tao-chu-fang-tai-bei-da-an-dian
參月拾貳御鼎火鍋,https://www.foodpanda.com.tw//en/restaurant/g4bw/can-yue-shi-er-yu-ding-huo-guo
Commons,https://www.foodpanda.com.tw//en/restaurant/qvgs/commons
尬聊夫婦餐酒館,https://www.foodpanda.com.tw//en/restaurant/d46y/ga-liao-fu-fu-can-jiu-guan
chia hou ku tsao wei ( tai pei lin chiang branch ),https://www.foodpanda.com.tw//en/restaurant/p83y/jia-hou-gu-zao-wei-tai-bei-lin-jiang-dian
Ying Jhih Wu Jiou Shih Jyu,https://www.foodpanda.com.tw//en/restaurant/mwwi/ying-zhi-wu-jiu-shi-ju
hsia wei hsien huo hsia liao li,https://www.foodpanda.com.tw//en/restaurant/ob2x/xia-wei-xian-huo-xia-liao-li-ob2x
老四川巴蜀麻辣燙 (台北長安店),https://www.foodpanda.com.tw//en/restaurant/d0pd/lao-si-chuan-ba-shu-ma-la-tang-tai-bei-chang-an-dian
chia hou ku tsao wei ( tai pei chung shan branch ),https://www.foodpanda.com.tw//en/restaurant/x09l/jia-hou-gu-zao-wei-tai-bei-zhong-shan-dian
大俠冰淇淋鮮果汁,https://www.foodpanda.com.tw//en/restaurant/uhhg/da-xia-bing-qi-lin-xian-guo-zhi
深夜紅茶。麵匠,https://www.foodpanda.com.tw//en/restaurant/x1mc/shen-ye-hong-cha-mian-jiang
老饕廚房 (台北復興店),https://www.foodpanda.com.tw//en/restaurant/tomi/lao-tao-chu-fang-tai-bei-fu-xing-dian
劉家現烤玉米,https://www.foodpanda.com.tw//en/restaurant/f8db/liu-jia-xian-kao-yu-mi
sin chi tian lu wei ma la tang,https://www.foodpanda.com.tw//en/restaurant/dfux/xin-qi-tian-lu-wei-ma-la-tang
yun zi yue nan jie tou xiao chi -Bánh Tráng Cô Mây (tai bei da an branch ),https://www.foodpanda.com.tw//en/restaurant/gsui/yun-zi-yue-nan-jie-tou-xiao-chi-banh-trang-co-may-tai-bei-da-an-dian
ssu chu tan pao,https://www.foodpanda.com.tw//en/restaurant/nu53/si-chu-dan-bao
技固帕串燒酒家,https://www.foodpanda.com.tw//en/restaurant/xr9y/ji-gu-pa-chuan-shao-jiu-jia
ho chiang jih shih fan mien kuan,https://www.foodpanda.com.tw//en/restaurant/gqd6/a-qing-mi-fen-tang-gqd6
yen chi yu hei lun,https://www.foodpanda.com.tw//en/restaurant/asgi/xian-qi-yu-hei-lun
Nova Draft x ND實驗廚房,https://www.foodpanda.com.tw//en/restaurant/dagh/nova-draft-x-ndshi-yan-chu-fang
黑房子 Black House,https://www.foodpanda.com.tw//en/restaurant/x15v/hei-fang-zi-black-house
Bar.Tender八天餐酒館,https://www.foodpanda.com.tw//en/restaurant/cofa/bar-tenderba-tian-can-jiu-guan
愛呷脆皮雞排 (台北光華店),https://www.foodpanda.com.tw//en/restaurant/y1cs/ai-xia-cui-pi-ji-pai-tai-bei-guang-hua-dian
a jhen re chao,https://www.foodpanda.com.tw//en/restaurant/q9ec/a-zhen-re-chao
shuang yu shuei guo cha,https://www.foodpanda.com.tw//en/restaurant/j3qk/shuang-yu-shui-guo-cha
COMEBUY (台北市府店),https://www.foodpanda.com.tw//en/restaurant/a2ff/comebuy-tai-bei-shi-fu-dian
鮮果多juice,https://www.foodpanda.com.tw//en/restaurant/k7nl/xian-guo-duo-juice
彩虹殿-黑白木耳養生概念飲,https://www.foodpanda.com.tw//en/restaurant/y2fn/cai-hong-dian-hei-bai-mu-er-yang-sheng-gai-nian-yin
siao ji chih dan gao,https://www.foodpanda.com.tw//en/restaurant/yu3e/xiao-ji-chi-dan-gao-yu3e
泰象飲,https://www.foodpanda.com.tw//en/restaurant/zi9o/tai-xiang-yin
拉CHA茶,https://www.foodpanda.com.tw//en/restaurant/z3bq/la-chacha
陳記九龍城香港茶,https://www.foodpanda.com.tw//en/restaurant/d2ve/chen-ji-jiu-long-cheng-xiang-gang-cha
奉茶,https://www.foodpanda.com.tw//en/restaurant/e6ls/feng-cha
小鐵紅茶,https://www.foodpanda.com.tw//en/restaurant/w2za/xiao-tie-hong-cha
沏茶園,https://www.foodpanda.com.tw//en/restaurant/a8xn/qie-cha-yuan
